id,name,model_id:id,group_id:id,perm_read,perm_write,perm_create,perm_unlink
access_rag_odoo_mcp_server_generate_api_key_wizard,access.rag_odoo_mcp_server.generate_api_key_wizard,rag_odoo_mcp_server.model_rag_odoo_mcp_server_generate_api_key_wizard,base.group_system,1,1,1,1
access_rag_mcp_dashboard_user,access.rag.mcp.dashboard.user,rag_odoo_mcp_server.model_rag_mcp_dashboard,base.group_user,1,1,1,1
access_rag_mcp_dashboard_widget_user,access.rag.mcp.dashboard.widget.user,rag_odoo_mcp_server.model_rag_mcp_dashboard_widget,base.group_user,1,1,1,1
access_rag_odoo_mcp_lead_brief_user,access.rag_odoo_mcp_server.lead_brief user,rag_odoo_mcp_server.model_rag_odoo_mcp_server_lead_brief,base.group_user,1,1,1,1
access_rag_odoo_mcp_lead_brief_wizard_user,access.rag_odoo_mcp_server.lead_brief_wizard user,rag_odoo_mcp_server.model_rag_odoo_mcp_server_lead_brief_wizard,base.group_user,1,1,1,1
access_rag_odoo_mcp_campaign_brief_user,access.rag_odoo_mcp_server.campaign_brief user,rag_odoo_mcp_server.model_rag_odoo_mcp_server_campaign_brief,base.group_user,1,1,1,1
access_rag_odoo_mcp_campaign_brief_image_user,access.rag_odoo_mcp_server.campaign_brief_image user,rag_odoo_mcp_server.model_rag_odoo_mcp_server_campaign_brief_image,base.group_user,1,1,1,1
access_rag_odoo_mcp_mailing_campaign_brief_wizard_user,access.rag_odoo_mcp_server.mailing_campaign_brief_wizard user,rag_odoo_mcp_server.model_rag_odoo_mcp_server_mailing_campaign_brief_wizard,base.group_user,1,1,1,1
access_rag_odoo_mcp_mailing_campaign_brief_image_user,access.rag_odoo_mcp_server.mailing_campaign_brief_image user,rag_odoo_mcp_server.model_rag_odoo_mcp_server_mailing_campaign_brief_image,base.group_user,1,1,1,1
